clip,call_type,selected_preset,candidate_score,has_safe_noise,has_context,reduction_pct,sparsity_pct,peak_freq_hz,peak_in_target_band,target_band_retention_pct,machine_band_suppression_pct,target_machine_ratio_gain_db,target_band_cosine_similarity,core_rumble_retention_pct,target_band_low_hz,target_band_high_hz,noise_reference_match_reduction_db,context_elephant_band_energy
call_123.wav,rumble,rumble_aggressive,66.39389445512073,1,1,35.90853194563773,97.83654257595208,30.403537866224436,1,47.320326989486695,99.9636276270824,31.142761018360844,0.8831132650375366,47.320326989486695,10.0,150.0,34.39228364839636,42993.609375
call_152.wav,rumble,rumble_aggressive,63.99949327067714,1,1,48.12553250872248,97.07317073170731,72.3548205224582,1,46.08159695846732,99.94876311339657,29.53944789077891,0.8800256848335266,46.08159695846732,10.0,150.0,32.90417267919841,70934.453125
call_70.wav,rumble,rumble_aggressive,63.55367963820305,1,1,36.24945132532699,98.86544258701015,25.0,1,43.567201003559674,99.95114410830442,29.502427151269092,0.8621837496757507,43.567201003559674,10.0,150.0,33.11083055759347,83028.140625
call_159.wav,rumble,rumble_aggressive,63.99238645795912,1,1,45.97914304742072,97.00233879051119,72.3698422985526,1,48.66874731843279,99.94245403027415,29.272352552103143,0.893602728843689,48.66874731843279,10.0,150.0,32.39985087098995,32239.9140625
call_211.wav,rumble,rumble_aggressive,57.264405911022415,1,1,63.20666975764926,97.27632711621233,34.457342915054355,1,24.692420300059005,99.9544744555943,27.34308512767158,0.7032674551010132,24.692420300059005,10.0,150.0,33.41744852100352,27604.755859375
call_153.wav,rumble,rumble_aggressive,60.42149416848169,1,1,41.38152107642821,95.6951219512195,28.189910979228486,1,59.613721620592386,99.84877064543984,25.957101366003187,0.8915348052978516,59.613721620592386,10.0,150.0,28.20363901386599,35262.140625
call_118.wav,rumble,rumble_aggressive,52.23496971926695,1,1,58.301520684696605,97.10687361419069,32.184562802620334,1,18.145279687344377,99.94955817438384,25.55972870303731,0.7550011277198792,18.145279687344377,10.0,150.0,32.972092035960785,13281.609375
call_130.wav,rumble,rumble_balanced,57.56442978491194,1,1,68.73176817735856,97.3541463414634,38.83495145631068,1,48.853494748598806,99.85216350044507,25.191139656899132,0.8029139637947083,48.853494748598806,10.0,150.0,28.302183291449587,5894.39990234375
call_160.wav,rumble,rumble_aggressive,58.76536256155317,1,1,42.07949324979571,95.77618364418939,28.195488721804512,1,57.84857060610796,99.81426774482836,24.934053003428364,0.8859612345695496,57.84857060610796,10.0,150.0,27.311126680066522,18644.78125
call_51.wav,rumble,rumble_aggressive,58.25173612456279,1,1,26.97941570660003,96.34044715447155,27.941176470588236,1,54.31942391066323,99.80782094459133,24.51249100924296,0.9397100806236267,54.31942391066323,10.0,150.0,27.162939455750237,97624.9765625
call_137.wav,rumble,rumble_aggressive,56.16899048228433,1,1,46.24801403353298,94.0667641325536,73.1948565776459,1,51.5122186269377,99.77560102177495,23.608893802298887,0.8729086518287659,51.5122186269377,10.0,150.0,26.48979124919559,65287.26953125
call_117.wav,rumble,rumble_aggressive,56.62281846753187,1,1,29.051423526932428,94.66962305986696,34.25309229305424,1,51.90642923508237,99.76906484628708,23.51731106078918,0.9408018589019775,51.90642923508237,10.0,150.0,26.365099523077355,58168.19921875
call_144.wav,rumble,rumble_aggressive,54.86413053054759,1,1,59.395405862922466,96.39783197831979,29.580650774317036,1,42.233467891712365,99.80520488458868,23.360786813349353,0.8689082264900208,42.233467891712365,10.0,150.0,27.104219374805073,1211911.125
call_101.wav,rumble,rumble_aggressive,58.84728917176339,1,1,10.116079032540458,96.44825313117997,27.332906256673073,1,84.67648308857834,99.53140652497723,22.569665750227863,0.9774495363235474,84.67648308857834,10.0,150.0,23.29203763074349,137475.734375
call_99.wav,rumble,rumble_aggressive,54.65194577107133,1,1,30.333031821222754,94.91382113821139,24.00835073068893,1,51.487914984800774,99.7109283461796,22.506997982035198,0.8770603537559509,51.487914984800774,10.0,150.0,25.389944928771563,72922.015625
call_27.wav,rumble,rumble_aggressive,55.8776683222826,1,1,18.976760708279162,95.21793863099921,15.240030480060959,1,68.0719511878608,99.54475451671335,21.74722553584248,0.9575971364974976,68.0719511878608,10.0,150.0,23.417543543535817,1152.111083984375
call_18.wav,rumble,rumble_aggressive,54.213166578240745,1,1,28.671451682908543,96.06829268292682,28.191072826938132,1,57.48788496734303,99.61521357820516,21.743565924341546,0.8817710876464844,57.48788496734303,10.0,150.0,24.14780261591429,35553.97265625
call_21.wav,rumble,rumble_aggressive,55.85302649391644,1,1,16.64351098015353,96.3089430894309,24.398285525881967,1,70.03766873406248,99.52891588041687,21.722332175103716,0.9344601631164551,70.03766873406248,10.0,150.0,23.269015357354927,10488.6982421875
call_15.wav,rumble,rumble_aggressive,54.336746269656,1,1,25.742772197151798,95.01716350496838,30.04640371229698,1,55.821418778373165,99.61434213575963,21.605986786711533,0.942134439945221,55.821418778373165,10.0,150.0,24.13797808184824,2563928.75
call_161.wav,rumble,rumble_conservative,45.95517657896282,1,1,70.49038955771772,90.70853658536585,70.71498530852105,1,16.219226726403,99.87562636591156,21.153018205739706,0.8502811193466187,16.219226726403,10.0,150.0,29.05271675782778,36967.54296875
call_143.wav,rumble,rumble_aggressive,53.591600896218736,1,1,34.900363668588454,97.39024390243902,28.19107282693814,1,62.54865481695576,99.46000917602306,20.63831594159156,0.9357865452766418,62.54865481695576,10.0,150.0,22.676136200474662,1942159.625
call_124.wav,rumble,rumble_conservative,50.47631301138523,1,1,47.07886520256043,90.7439024390244,30.575035063113603,1,32.91225613697261,99.7136127449827,20.604039674011926,0.920292854309082,32.91225613697261,10.0,150.0,25.430463131756973,1699023.625
call_81.wav,rumble,rumble_aggressive,53.37276903928283,1,1,22.519979160508143,97.20975609756097,26.801253045596933,1,60.517604668082335,99.47020629003502,20.577749322093382,0.9443178772926331,60.517604668082335,10.0,150.0,22.75893202217432,98027.9375
call_59.wav,rumble,rumble_aggressive,50.37151335362185,1,1,39.049996453928024,96.18675958188153,27.167760923703874,1,37.92351035116187,99.66198629960196,20.499742270607324,0.863320529460907,37.92351035116187,10.0,150.0,24.710656965070754,214871.0625
call_189.wav,rumble,rumble_aggressive,54.698950836347294,1,1,19.824751988002642,97.19342030629609,37.965352008846295,1,75.91913471682385,99.30784509682296,20.401479498502987,0.9500423073768616,75.91913471682385,10.0,150.0,21.597967002446847,405910.53125
call_146.wav,rumble,rumble_aggressive,54.38827189894894,1,1,18.245638706664437,96.56157049375372,44.47852760736196,1,73.70438873195079,99.32113949013474,20.357128027406617,0.9465203285217285,73.70438873195079,10.0,150.0,21.682194540224362,14408.7041015625
call_147.wav,rumble,rumble_aggressive,53.59895593192431,1,1,17.16112048669025,97.17421602787456,49.64936886395512,1,74.21487868876294,99.21364839422452,19.748742039127922,0.9490171670913696,74.21487868876294,10.0,150.0,21.043832220211453,23698.17578125
call_195.wav,rumble,rumble_balanced,48.166043263447456,1,1,49.08988921890929,94.06474501108647,56.6628701594533,1,27.160782145461987,99.70969988485149,19.710950640133476,0.8597322702407837,27.160782145461987,10.0,150.0,25.371527919038797,3101827.0
call_74.wav,rumble,rumble_aggressive,55.46414955762643,1,1,4.8135513227930975,96.43173535183628,26.748599313211635,1,91.32592127263524,99.01894555331475,19.689009513786324,0.9806785583496094,91.32592127263524,10.0,150.0,20.083068894204512,1063773.625
call_154.wav,rumble,rumble_conservative,40.386827698221566,1,1,73.03691016087431,91.4493592393551,28.704318936877073,1,11.223114234610259,99.85829055149172,18.987145755204395,0.8144698739051819,11.223114234610259,10.0,150.0,28.48601192108195,98293.0546875
call_190.wav,rumble,rumble_balanced,39.612902891223506,1,1,74.71936639922171,96.46939714680165,27.147971360381863,1,12.674084417851313,99.8154899950153,18.368966749032392,0.744721531867981,12.674084417851313,10.0,150.0,27.33980079413616,129094.9921875
call_62.wav,rumble,rumble_conservative,49.26542318152488,0,1,37.40403389572469,86.22238163558106,31.55452436194895,1,52.08293904972643,99.19976248158429,18.134765745421046,0.9665595293045044,52.08293904972643,10.0,150.0,,2899230.75
call_20.wav,rumble,rumble_aggressive,44.91033686027439,1,1,53.275566190011304,94.73790166473093,13.02931596091205,1,22.374733240587112,99.64107466808598,17.947537555414748,0.9367335438728333,22.374733240587112,10.0,150.0,24.449958893337097,52947.0703125
call_206.wav,rumble,rumble_aggressive,49.25646816248012,0,1,36.34582657572594,89.52968246663599,35.79952267303103,1,56.59499703457889,99.08520176543121,17.91452723692253,0.9487267732620239,56.59499703457889,10.0,150.0,,768714.5
call_197.wav,rumble,rumble_conservative,46.57504647112024,0,1,45.02274984736155,86.67750677506774,46.10373340015033,1,33.5134848635981,99.41439814412044,17.576171454156203,0.9579882621765137,33.5134848635981,10.0,150.0,,147146.609375
call_198.wav,roar,roar_conservative,43.34749160917319,1,1,66.75489461940367,87.02439024390245,42.995444191343964,1,16.317905414437178,99.70467362834799,17.423621817103044,0.9543737173080444,13.410186809873634,40.0,300.0,25.296977702662527,116280.515625
call_53.wav,rumble,rumble_aggressive,46.49575738240727,1,1,35.976617860537566,95.73892133287531,28.963077603360603,1,42.19973871112413,99.21611737021327,17.310587210064217,0.8879590034484863,42.19973871112413,10.0,150.0,21.057489590653233,96993.3203125
call_44.wav,rumble,rumble_aggressive,48.578489322626375,1,1,20.389872439062074,95.66117336849044,15.161221439248346,1,64.93892436844028,98.62527278901887,16.742885617463692,0.9693168997764587,64.93892436844028,10.0,150.0,18.617834709383654,38957.03125
call_95.wav,rumble,rumble_aggressive,49.854718698752784,1,1,10.418235602563641,95.29528771015866,24.908312958435204,1,81.3481076953207,98.2212110349674,16.602230283338262,0.9523860812187195,81.3481076953207,10.0,150.0,17.49875573421597,297874.78125
call_78.wav,rumble,rumble_aggressive,49.91159577283186,1,1,10.169534871301245,96.580044345898,27.75368603642671,1,81.40393472263825,98.17875848286116,16.502778554048852,0.976626455783844,81.40393472263825,10.0,150.0,17.396324580460263,639620.1875
call_93.wav,rumble,rumble_aggressive,49.07715353853724,1,1,13.195095126927503,94.0470066518847,27.334851936218676,1,76.47489147325872,98.22811356391063,16.350829857422667,0.9600316882133484,76.47489147325872,10.0,150.0,17.515641163993568,144444.53125
call_87.wav,rumble,rumble_aggressive,44.203737236161814,1,1,49.461609848455105,94.32055749128921,34.21052631578947,1,40.498711680341806,99.04438763745091,16.27159448442921,0.806260347366333,40.498711680341806,10.0,150.0,20.19718240512642,50711.40234375
call_17.wav,rumble,rumble_aggressive,47.266519980627265,1,1,34.07945530162089,96.5079365079365,27.81257830117765,1,64.70720082211372,98.41329129000201,16.104554072833018,0.922045111656189,64.70720082211372,10.0,150.0,17.995027942607216,80223.0
call_73.wav,rumble,rumble_aggressive,46.176990347850285,1,1,26.800259461458566,96.47590719809637,28.96049098580744,1,54.17645872433279,98.59699120839478,15.867502212788828,0.9571352601051331,54.17645872433279,10.0,150.0,18.52939607564841,275671.75
call_84.wav,rumble,rumble_aggressive,44.21211546041687,1,1,32.81717804763489,96.5906394199077,24.77573686458778,1,46.29374426598519,98.71939204248072,15.581061120612425,0.8589630126953125,46.29374426598519,10.0,150.0,18.925838038579563,75846.9296875
call_102.wav,rumble,rumble_aggressive,44.49808877338477,1,1,31.21192571145516,96.13447593935399,24.920802534318902,1,49.78102698977509,98.58782637738595,15.47175756688674,0.8715624213218689,49.78102698977509,10.0,150.0,18.501119047658065,20485.619140625
call_4.wav,rumble,rumble_aggressive,45.019192684385956,1,1,29.53143849642853,93.29616724738676,49.664429530201346,1,52.26313393956188,98.49371332216101,15.402878134320003,0.9186691045761108,52.26313393956188,10.0,150.0,18.220923649513324,1465916.75
call_108.wav,rumble,rumble_aggressive,45.771771209663825,1,1,39.156310105276184,96.54912891986062,27.620556939098936,1,70.94388720096184,97.44769565621377,14.439825213124465,0.9582264423370361,70.94388720096184,10.0,150.0,15.930675403950627,132063.515625
call_122.wav,rumble,rumble_balanced,30.20363343716872,1,1,82.50343071918185,89.82384823848238,19.142919295192517,1,3.7411160236974905,99.8645168446773,14.41115874683489,0.763168454170227,3.7411160236974905,10.0,150.0,28.68114697447531,329837.90625
call_138.wav,rumble,rumble_aggressive,48.1793986393825,1,1,6.215783217593829,93.95787139689578,31.44199494036863,1,93.40740257293149,96.61178638637668,14.404105125091561,0.9929960370063782,93.40740257293149,10.0,150.0,14.700292169088083,883523.6875
call_106.wav,rumble,rumble_aggressive,40.202244328688835,1,1,51.87065436444327,96.42749445676276,40.148063781321184,1,25.694397679220764,99.06425530172952,14.386810663583791,0.8207661509513855,25.694397679220764,10.0,150.0,20.288426248258705,15212.2392578125
call_98.wav,rumble,rumble_aggressive,46.44397200399315,1,1,11.498174013941354,95.85365853658536,25.60544904137235,1,79.13582906715246,97.07791891340727,14.326808933437675,0.9633278846740723,79.13582906715246,10.0,150.0,15.343077367346508,582973.0
call_75.wav,rumble,rumble_aggressive,46.67468865952638,1,1,8.234109192620132,96.32068654019874,28.404952658412235,1,85.06013227774494,96.61896843962944,14.00676829030203,0.9787102937698364,85.06013227774494,10.0,150.0,14.70950775276581,1360610.75
call_52.wav,rumble,rumble_aggressive,43.546864326854596,1,1,26.336643196350316,92.71815718157181,30.594405594405593,1,55.275513143862234,97.78945398790879,13.980332238998415,0.9529614448547363,55.275513143862234,10.0,150.0,16.555004409075543,48669.44140625
call_135.wav,rumble,rumble_aggressive,44.741819695514,1,1,34.089693297192646,95.03219512195122,28.82205513784461,1,68.77780395747651,97.18351035049018,13.877401453324559,0.9576245546340942,68.77780395747651,10.0,150.0,15.502918404410508,132545.984375
call_50.wav,rumble,rumble_aggressive,42.054975895326464,1,1,27.94462657239316,95.85008923259964,34.892638036809814,1,52.756728030630285,97.58288493015311,13.389805267464506,0.9033681154251099,52.756728030630285,10.0,150.0,16.167026739567778,14566.10546875
call_90.wav,rumble,rumble_aggressive,44.20235625590823,1,1,15.67913646314869,93.4390243902439,24.475524475524477,1,71.70463367233472,96.59636615197097,13.236043874809738,0.9717152714729309,71.70463367233472,10.0,150.0,14.680571660767313,615303.0625
call_14.wav,rumble,rumble_aggressive,45.31339129075265,1,1,9.414768080716918,94.19837398373984,27.497389488339714,1,84.89208610606272,95.91057464842379,13.172049209195215,0.9638084769248962,84.89208610606272,10.0,150.0,13.88337715017904,163392.0625
call_47.wav,rumble,rumble_aggressive,44.38531961433967,1,1,14.613922167144233,95.29854893485644,33.03659742828882,1,75.73348457888788,96.31859979947538,13.132749080031166,0.9650793075561523,75.73348457888788,10.0,150.0,14.339869683636724,56229.05859375
call_5.wav,rumble,rumble_aggressive,28.081952651386338,1,1,90.15025769561093,92.32826398852224,57.66396462785556,1,1.1485011870290325,99.94413995258654,13.130301484023256,0.8671467304229736,1.1485011870290325,10.0,150.0,32.52898700007637,199823.46875
call_105.wav,rumble,rumble_aggressive,38.83131886694234,1,1,54.34573684876602,96.493808630394,54.44471211756204,1,31.772725150788638,98.45168682763509,13.121956573277643,0.8008965253829956,31.772725150788638,10.0,150.0,18.10141191408606,13998.0087890625
call_13.wav,rumble,rumble_aggressive,41.873597466671875,1,1,33.51123500470982,96.3239024390244,31.954887218045112,1,53.58742861086243,97.33679275298893,13.03657954017497,0.9345874786376953,53.58742861086243,10.0,150.0,15.74595036065249,77357.6953125
call_125.wav,rumble,rumble_aggressive,41.01178946842147,1,1,40.55022526741738,93.59634146341463,28.191072826938132,1,43.8200207382719,97.79852212486436,12.989582536033868,0.9525612592697144,43.8200207382719,10.0,150.0,16.572856748443574,1468471.0
call_37.wav,rumble,rumble_aggressive,42.30598816662396,0,1,31.60387637747003,85.12026913372583,33.70165745856354,1,60.22355087336444,96.85229882424677,12.817728623248726,0.9488286375999451,60.22355087336444,10.0,150.0,,156561.375
call_182.wav,rumble,rumble_aggressive,40.45360730767395,1,1,66.46978949503098,91.1345397324941,60.4521209042418,1,46.72908117580889,97.53138661341093,12.771341619483064,0.8872887492179871,46.72908117580889,10.0,150.0,16.075469202819882,421481.25
call_94.wav,rumble,rumble_aggressive,43.80286621798825,1,1,12.939329337274163,95.84922394678492,23.984249149812065,1,76.99103424075025,95.91384557139713,12.75125377701384,0.94736248254776,76.99103424075025,10.0,150.0,13.886852240416113,124720.4609375
call_25.wav,rumble,rumble_aggressive,42.61687303148545,0,1,28.644475556644377,85.42764227642277,33.94255874673629,1,64.43754543791859,96.57201266300916,12.740997799016128,0.9512450695037842,64.43754543791859,10.0,150.0,,5215.615234375
call_55.wav,rumble,rumble_aggressive,38.80278863982337,1,1,39.30683427081656,96.3233449477352,44.454628780934925,1,37.27701024541049,97.99715182523924,12.697930440560825,0.8072766065597534,37.27701024541049,10.0,150.0,16.983519710068823,24258.630859375
call_163.wav,rumble,rumble_aggressive,32.00825188186317,1,1,74.06090030492625,94.29128919860628,48.76957494407159,1,14.599988591541038,99.21200884568822,12.678311741333525,0.6877074837684631,14.599988591541038,10.0,150.0,21.0347865770732,339079.5625
call_33.wav,rumble,rumble_aggressive,41.26165594101196,1,1,29.294022457024305,94.62717770034843,28.892005610098177,1,52.260783923279064,97.12957308159929,12.602294258253945,0.9527499675750732,52.260783923279064,10.0,150.0,15.420535058722619,1026.7506103515625
call_16.wav,rumble,rumble_aggressive,41.351199095929566,1,1,31.083995382530727,95.30295250320924,28.907701837703904,1,55.63997298520176,96.93658939053546,12.591816983480957,0.9254663586616516,55.63997298520176,10.0,150.0,15.137947878904278,316340.40625
call_3.wav,rumble,rumble_aggressive,39.466918732414186,1,1,39.75155115411905,91.45382530748385,23.895824942945364,1,38.49098849534984,97.86074002084756,12.550954978985056,0.9022029638290405,38.49098849534984,10.0,150.0,16.697364334507494,10914359.0
call_83.wav,rumble,rumble_aggressive,43.3657628045207,1,1,14.53847756813781,93.12682926829268,28.705636743215027,1,73.7406599726459,95.89482663047816,12.54375517235821,0.9698566794395447,73.7406599726459,10.0,150.0,13.8666849704959,469717.625
call_116.wav,rumble,rumble_aggressive,45.07765375347477,1,1,5.020921947449663,94.69946977730646,25.054466230936818,1,91.89071561624428,94.78866368234591,12.463225320850984,0.9821217060089111,91.89071561624428,10.0,150.0,12.830508983956697,509704.8125
call_179.wav,rumble,rumble_aggressive,37.82245973630009,1,1,73.22825240634927,92.72666105971405,90.65782200110559,1,28.281920838020746,98.3856308156767,12.435060433341054,0.8392915725708008,28.281920838020746,10.0,150.0,17.919971410019002,269530.5625
call_49.wav,rumble,rumble_aggressive,41.26238060800051,1,1,27.207482826663963,94.41712294673967,28.839922229423205,1,55.45475791019789,96.7749782685597,12.354061682793558,0.9599025249481201,55.45475791019789,10.0,150.0,14.914673545750949,27915.490234375
call_19.wav,rumble,rumble_aggressive,38.08614182438884,1,1,46.871680043841,94.41207897793264,83.66890380313198,1,28.432240720643655,98.32808961091418,12.305980909697038,0.893537163734436,28.432240720643655,10.0,150.0,17.7678700355277,286769.96875
call_58.wav,rumble,rumble_aggressive,41.33796178976566,1,1,31.43072120434408,91.19421860885275,28.185554903112152,1,58.49448326727467,96.52016443794584,12.255561867689439,0.9511392116546631,58.49448326727467,10.0,150.0,14.584412779441587,53934.24609375
call_24.wav,rumble,rumble_aggressive,42.32901409605047,1,1,20.965558519910555,92.06161745827984,83.19513543394142,1,69.03136165799303,95.8119717403156,12.170368365032466,0.9653005599975586,69.03136165799303,10.0,150.0,13.779903964812995,6045.74609375
call_88.wav,rumble,rumble_aggressive,40.586116505938485,1,1,28.55926878159025,94.35132913126884,30.563850342525907,1,54.38010001013245,96.6685906467406,12.128120012302912,0.9294064044952393,54.38010001013245,10.0,150.0,14.773719992695652,234963.296875
call_109.wav,rumble,rumble_aggressive,30.59105548050042,1,1,69.25181850550916,96.22439024390243,25.004371393600277,1,12.024759204708632,99.20654408944164,11.805535887980007,0.8082050085067749,12.024759204708632,10.0,150.0,21.004772003935752,35637.3046875
call_10.wav,rumble,rumble_aggressive,40.75736936593052,1,1,33.93922193839969,92.49756097560976,56.919060052219315,1,59.91460409805235,96.02023669876878,11.776754510229775,0.9496042132377625,59.91460409805235,10.0,150.0,14.001427570785838,154401.296875
call_9.wav,rumble,rumble_aggressive,40.71320896938074,1,1,23.175906925037314,93.72186563970902,28.192371475953568,1,61.209430855844694,95.9146855580384,11.755928520114832,0.932598888874054,61.209430855844694,10.0,150.0,13.887745106974815,290400.3125
call_72.wav,rumble,rumble_aggressive,38.95396754678627,1,1,34.074063766262164,94.04878048780488,28.87921155168462,1,45.004798152326515,96.96629490722464,11.712854575913651,0.9122734665870667,45.004798152326515,10.0,150.0,15.180266393717366,1962529.125
call_208.wav,rumble,rumble_aggressive,28.990606476209493,1,1,77.01516309034405,94.99606608969316,3.5569105691056913,0,21.423019261246488,98.53242661836967,11.642808522019248,0.7397152185440063,21.423019261246488,10.0,150.0,18.334001739370038,737465.3125
call_64.wav,rumble,rumble_aggressive,42.740971373629115,1,1,9.766665989423851,95.03400893163861,27.8576166261331,1,82.10806623287722,94.2729922750157,11.564580550488493,0.9747390747070312,82.10806623287722,10.0,150.0,12.420722310798258,1678981.0
call_136.wav,rumble,rumble_aggressive,38.87964518728043,1,1,41.56376047699312,96.15759849906192,46.66666666666666,1,55.20021540937857,96.04084246637277,11.443379899560227,0.8319530487060547,55.20021540937857,10.0,150.0,14.023972174637453,130308.765625
call_86.wav,rumble,rumble_aggressive,41.69538484483202,1,1,13.470261845300302,96.15191637630662,29.205342992981663,1,76.19462034162359,94.45109383212069,11.377169284706095,0.9489747881889343,76.19462034162359,10.0,150.0,12.557926190525802,116004.375
call_31.wav,rumble,rumble_aggressive,41.189066534268434,1,1,16.569757551365406,95.4824509220702,33.17990026850786,1,72.4095825846511,94.5275288698655,11.216125647973266,0.9604162573814392,72.4095825846511,10.0,150.0,12.618165208619224,1840.332275390625
call_96.wav,rumble,rumble_aggressive,39.007990527339864,1,1,26.911655969730063,95.06842218864666,24.363079493247945,1,55.276908229090246,95.77385817574233,11.16599676543256,0.8982494473457336,55.276908229090246,10.0,150.0,13.740559326365211,200585.359375
call_42.wav,rumble,rumble_aggressive,40.06472868231059,0,1,29.10481413138355,82.83275261324043,33.59908883826879,1,63.88050628800267,94.9362491787311,11.008960228736512,0.9586542248725891,63.88050628800267,10.0,150.0,,151945.375
call_168.wav,rumble,rumble_aggressive,25.574983647718106,1,1,88.37623320236834,93.00078678206137,55.35804977145759,1,4.6653075144288705,99.61390425269498,10.821852575454276,0.7632361650466919,4.6653075144288705,10.0,150.0,24.13304981934951,279057.46875
call_57.wav,rumble,rumble_balanced,35.25288088731334,1,1,53.668108972819304,94.29539295392954,28.117715617715618,1,24.94912418515095,97.8852876881713,10.718040109877276,0.8674619793891907,24.94912418515095,10.0,150.0,16.747487062480445,136334.203125
call_67.wav,rumble,rumble_balanced,37.1692586178152,1,1,37.53182612112076,93.65268292682927,30.540328895849647,1,39.92362556420496,96.57457473549866,10.6651547719717,0.9399641752243042,39.92362556420496,10.0,150.0,14.652855034237486,737705.6875
call_32.wav,rumble,rumble_aggressive,39.195336770331096,0,1,23.989003570498944,90.51162790697674,28.38186509399189,1,59.3410962433486,94.89756223631055,10.65577848862241,0.9689165353775024,59.3410962433486,10.0,150.0,,1129.510498046875
call_202.wav,rumble,rumble_aggressive,39.565749168254705,0,1,34.374708565347966,90.97170731707317,39.808917197452224,1,65.97720630289459,94.19898296900895,10.558897816091621,0.9562066197395325,65.97720630289459,10.0,150.0,,213266.8125
call_41.wav,rumble,rumble_aggressive,40.14566862019274,1,1,17.921544128524147,92.72158306488724,35.19236504622726,1,72.0837188667575,93.58070623811776,10.503499337398708,0.9682426452636719,72.0837188667575,10.0,150.0,11.925127495306684,154403.8125
call_82.wav,rumble,rumble_aggressive,36.191489145605274,1,1,43.056297055269475,94.22571310458866,29.53020134228188,1,33.21849827380471,97.02129435343728,10.473524064957004,0.9306252598762512,33.21849827380471,10.0,150.0,15.25972411316559,386089.90625
call_65.wav,rumble,rumble_balanced,33.86426671507976,1,1,49.43199528425093,96.6970661010958,27.268560953253896,1,25.98475750573045,97.33805469484722,9.895195404612856,0.8281841278076172,25.98475750573045,10.0,150.0,15.74800872195021,313562.4375
call_162.wav,rumble,rumble_aggressive,21.30871704641318,1,1,73.40442348683254,96.30829268292683,2.5477707006369426,0,11.239814463538373,98.8192846207029,9.786139222220722,0.674332857131958,11.239814463538373,10.0,150.0,19.278547798614966,562576.5
call_121.wav,rumble,rumble_aggressive,26.91994554594642,1,1,75.05514347966252,90.27937915742794,34.32073544433094,1,9.68869943801563,98.96177388582079,9.699735351151013,0.8516824245452881,9.68869943801563,10.0,150.0,19.837080516454755,655859.0625
call_48.wav,rumble,rumble_aggressive,38.10074746621832,0,1,21.10309537432404,90.7748156551333,28.371407516580692,1,63.94001002944816,93.04689180222066,9.63593712534295,0.9715853929519653,63.94001002944816,10.0,150.0,,34991.66796875
call_12.wav,rumble,rumble_aggressive,32.20749172832454,1,1,55.7784527457605,94.48136217211228,47.71846107963018,1,21.887382975980064,97.58238428147656,9.568065664395856,0.8632858395576477,21.887382975980064,10.0,150.0,16.16612729359366,251450.25
call_77.wav,rumble,rumble_aggressive,38.575492468091284,1,1,15.600933074256517,95.28750923872875,28.98550724637681,1,71.829726999066,91.85351160710496,9.453337727607654,0.976195752620697,71.829726999066,10.0,150.0,10.890295569334043,3442918.75
call_80.wav,rumble,rumble_aggressive,38.96652037575264,1,1,11.926772210909409,95.01818181818182,28.758542141230066,1,78.58562814344484,90.82508643869056,9.327411475119053,0.97294682264328,78.58562814344484,10.0,150.0,10.373980186315308,644402.0
call_91.wav,rumble,rumble_aggressive,36.89612031466953,0,1,24.31004731106806,90.22838137472284,15.086206896551722,1,57.80808783217712,93.16565276635743,9.272915637965028,0.9599971771240234,57.80808783217712,10.0,150.0,,393660.4375
call_71.wav,rumble,rumble_aggressive,32.61860176145334,1,1,52.701078166140135,93.60759766889704,29.900332225913623,1,23.0371235557224,97.24244083632327,9.219034125411365,0.9144816398620605,23.0371235557224,10.0,150.0,15.594751609611361,7161622.0
call_36.wav,rumble,rumble_aggressive,37.87944741758818,1,1,18.70626984342857,93.14543812104787,83.1130690161527,1,69.9617226931051,91.49586149016847,9.152301696537032,0.9687979817390442,69.9617226931051,10.0,150.0,10.70369674923416,155409.09375
call_2.wav,rumble,rumble_aggressive,33.25628508679505,0,1,51.54280868071168,83.62955107811948,23.836809534723812,1,25.353780499753043,96.90575555142034,9.13488105664486,0.897451639175415,25.353780499753043,10.0,150.0,,7432898.0
call_127.wav,rumble,rumble_aggressive,36.9343734224515,1,1,25.55760010453397,95.9083775185578,26.828271823505382,1,62.30673736323729,92.31742447912482,9.090281722771294,0.9489889144897461,62.30673736323729,10.0,150.0,11.14493161870392,513961.75
call_103.wav,rumble,rumble_aggressive,33.14872886344942,1,1,44.406768880601824,96.59078590785907,40.86538461538461,1,36.27616724556556,95.49958392991492,9.063687286813035,0.7739979028701782,36.27616724556556,10.0,150.0,13.467473332048183,16558.36328125
call_97.wav,rumble,rumble_aggressive,36.83010387851529,1,1,19.88450751180335,93.60347742091282,23.60981671326499,1,65.5120859958492,91.5375370786727,8.8882464937586,0.939043402671814,65.5120859958492,10.0,150.0,10.72503221183986,146583.59375
call_89.wav,rumble,rumble_aggressive,34.046281687355844,1,1,39.02376576448935,93.9170731707317,16.836335160532496,1,37.99088159926231,95.05486435552774,8.855011629718433,0.905723512172699,37.99088159926231,10.0,150.0,13.058217912583324,179302.125
call_166.wav,rumble,rumble_aggressive,34.26726965146149,1,1,57.807712756370975,94.90431519699813,50.9090909090909,1,44.451183765128285,93.99128167087463,8.691014849618531,0.891928493976593,44.451183765128285,10.0,150.0,12.212181539454388,235558.421875
call_128.wav,rumble,rumble_balanced,34.631695256180095,1,1,41.97556116532136,94.60650406504065,27.4079874706343,1,46.36746843800822,93.67740115553732,8.653177573976182,0.9232884645462036,46.36746843800822,10.0,150.0,11.991043723798962,244549.828125
call_210.wav,rumble,rumble_aggressive,30.153275480069276,1,1,65.48251153901793,92.96515679442508,29.172510518934082,1,20.9836371674229,97.10144436504525,8.596991275213071,0.8320919275283813,20.9836371674229,10.0,150.0,15.378183593532507,607549.5
call_112.wav,rumble,rumble_aggressive,32.67866392028822,1,1,43.112016038444104,95.49315883402737,25.552574421873004,1,34.00069811060323,95.26070712715241,8.557742866620252,0.8346121907234192,34.00069811060323,10.0,150.0,13.242864524882943,85702.8203125
call_133.wav,rumble,rumble_aggressive,36.03537768714546,1,1,21.730745543174802,94.6609756097561,28.58261550509005,1,66.61003450896715,90.44327008608019,8.432303462196241,0.9167109727859497,66.61003450896715,10.0,150.0,10.196906875657662,415563.0625
call_115.wav,rumble,rumble_aggressive,38.74257514240161,1,1,4.8308511165596535,95.09830007390983,25.485823510672184,1,92.44239857455985,86.63648805086834,8.399505991385976,0.9760134816169739,92.44239857455985,10.0,150.0,8.740793936796276,344111.1875
call_61.wav,trumpet,trumpet_balanced,25.70257272367614,0,1,60.353894430498876,63.117886178861795,28.18791946308725,0,17.013399367894504,97.51245859919767,8.350207790808843,0.9444069266319275,33.21029333959635,80.0,450.0,,1427599.5
call_114.wav,rumble,rumble_aggressive,37.19073477748146,1,1,16.155102765106832,94.492127199753,40.391921615676864,1,78.59159737708593,88.5088295257184,8.350118483546186,0.9450878500938416,78.59159737708593,10.0,150.0,9.396357324403509,41417.78515625
call_205.wav,trumpet,trumpet_conservative,26.6276590747426,0,1,61.79468085429565,66.38935698447894,2.591419522027066,0,18.78262801755193,97.21948375757728,8.29630921203806,0.9728856086730957,16.62359670595281,80.0,450.0,,687455.0
call_1.wav,rumble,rumble_conservative,30.542447658150348,1,1,55.86526811126199,84.88026607538802,124.32237079869896,1,21.31452944561944,96.77840532831826,8.206048509980949,0.9337711334228516,21.31452944561944,10.0,150.0,14.919291016962331,3466130.25
call_60.wav,rumble,rumble_aggressive,32.05179398309937,0,1,48.22943382994256,88.26444159178433,31.185031185031182,1,27.601159561047382,95.70234901020235,8.076961839932151,0.9159679412841797,27.601159561047382,10.0,150.0,,900326.25
call_85.wav,rumble,rumble_aggressive,32.87409097418956,1,1,34.80122684025703,96.35033259423503,25.36696593986034,1,44.11637523324648,92.84929656747003,7.902510554376068,0.8713743686676025,44.11637523324648,10.0,150.0,11.456512334661275,132073.8125
call_191.wav,rumble,rumble_aggressive,35.92150996611586,1,1,22.123843958052557,95.39634146341463,37.0919881305638,1,72.60322114071295,88.07969137505442,7.846683894622231,0.9536818861961365,72.60322114071295,10.0,150.0,9.237125002689607,299369.5625
call_76.wav,rumble,rumble_aggressive,35.77061025185889,1,1,17.571426818182655,94.08780487804877,28.452101279039418,1,69.65385807480516,88.46923458898215,7.810870399964452,0.9740583896636963,69.65385807480516,10.0,150.0,9.381418633255608,2072647.75
call_192.wav,rumble,rumble_aggressive,27.114509215657115,1,1,65.04072540411516,91.0609756097561,51.104516979887904,1,17.48152667441539,96.97492272571301,7.618428842126024,0.8217535018920898,17.48152667441539,10.0,150.0,15.19263527005629,3436353.75
call_68.wav,rumble,rumble_aggressive,31.51677177402936,1,1,43.24212368137266,94.45721372467962,29.261744966442954,1,32.55124051337327,94.26287429794212,7.538731784876688,0.8957991600036621,32.55124051337327,10.0,150.0,12.413056344975326,368885.875
call_207.wav,trumpet,trumpet_balanced,27.40989723483727,1,1,53.42932072135591,83.87317073170732,36.0219263899765,0,43.469302252783635,91.69801149768672,7.190005415970511,0.9576398134231567,30.19996331682748,80.0,450.0,10.808178724252578,397695.21875
call_7.wav,rumble,rumble_aggressive,30.804381855028417,0,1,49.52198842671751,89.24820659971306,124.06015037593986,1,26.549313736933016,94.92131201355798,7.183017672567479,0.9374400973320007,26.549313736933016,10.0,150.0,,979057.4375
call_92.wav,rumble,rumble_aggressive,34.89107320600131,0,1,16.131665786802696,92.60394889663182,25.563909774436087,1,71.19757973791035,86.31440775007059,7.162016342200605,0.9799174666404724,71.19757973791035,10.0,150.0,,155010.015625
call_120.wav,rumble,rumble_aggressive,32.45227624697168,1,1,49.29781775684031,92.86016260162602,129.47011224223442,1,49.62454916532867,90.13434290791072,7.015705579666259,0.9321357607841492,49.62454916532867,10.0,150.0,10.058739837047629,955886.4375
call_165.wav,rumble,rumble_balanced,29.417372219550245,1,1,67.01207565833585,92.71736011477762,140.48059149722735,1,24.530425286706425,95.07267028942886,6.970934537703243,0.8454448580741882,24.530425286706425,10.0,150.0,13.073883760870231,334092.34375
call_56.wav,rumble,rumble_aggressive,29.819520172281933,1,1,45.461068765331014,96.82407887908666,33.903994629070155,1,30.60820014590121,93.7538540902358,6.902256674105782,0.8244040608406067,30.60820014590121,10.0,150.0,12.043878748823406,29246.3984375
call_155.wav,rumble,rumble_aggressive,34.13468229655715,1,1,39.39765545202742,95.88057190916737,93.95424836601308,1,73.5960637177366,84.6052766810683,6.794826987685848,0.9367370009422302,73.5960637177366,10.0,150.0,8.12628112031382,37695.66015625
call_204.wav,rumble,rumble_aggressive,30.953206458689742,0,1,40.44195106275009,83.85170731707316,41.47764095917045,1,38.570758281615106,91.46704193621377,6.551585657128051,0.9508184194564819,38.570758281615106,10.0,150.0,,261573.625
call_145.wav,rumble,rumble_aggressive,34.05057756906823,1,1,17.842494188960558,94.14060258249641,73.32101047443007,1,76.77899808727572,82.98789954017886,6.544845019318416,0.9463578462600708,76.77899808727572,10.0,150.0,7.692420613555413,39624.96484375
call_148.wav,rumble,rumble_aggressive,33.84708816507499,1,1,35.629063062774,96.22439024390243,93.70921430435918,1,78.75843720789688,81.77868285085005,6.35717322655397,0.9411134123802185,78.75843720789688,10.0,150.0,7.394202327454426,77281.3984375
call_111.wav,rumble,rumble_balanced,25.895715741015643,1,1,58.97455754985067,90.94439024390243,45.87448231920993,1,20.78649991168247,94.91851406230015,6.117906397147465,0.7666550874710083,20.78649991168247,10.0,150.0,12.940092719326763,35369.3046875
call_199.wav,rumble,rumble_balanced,23.756107310569305,1,1,62.84339842995158,87.22493224932249,0.43706293706293703,0,25.534818316192307,93.5066855683371,5.946663385183595,0.9245952367782593,25.534818316192307,10.0,150.0,11.875335663818557,42047.14453125
call_131.wav,rumble,rumble_aggressive,34.37552227985772,1,1,4.388810525536691,93.94121325828642,92.3202614379085,1,95.15818426989453,74.47819092745556,5.715346911859093,0.9874953627586365,95.15818426989453,10.0,150.0,5.930885445912644,2137179.25
call_8.wav,rumble,rumble_conservative,27.97518612817466,1,1,51.67804275972783,87.04668989547038,115.71557971014492,1,23.94822388606301,93.2372371340513,5.4914915030563165,0.9751772880554199,23.94822388606301,10.0,150.0,11.698758407005649,1549904.5
call_113.wav,rumble,rumble_conservative,25.093621792023743,1,1,57.12025901243809,90.25853658536586,43.251693590411676,1,19.418925933237343,94.42061141153442,5.416385954420617,0.8710644841194153,19.418925933237343,10.0,150.0,12.534133901670907,60413.99609375
call_132.wav,rumble,rumble_aggressive,32.01817888355323,1,1,24.601486014634975,93.38536585365854,79.09162098668754,1,77.29416934553736,77.6442653059299,5.38757787325698,0.9418264627456665,77.29416934553736,10.0,150.0,6.5061105300071205,325967.6875
call_45.wav,rumble,rumble_aggressive,30.981480818418202,1,1,22.732217839973334,95.91179418643502,28.299848779434,1,65.57281277804027,80.42704172710438,5.250673430998551,0.9548866748809814,65.57281277804027,10.0,150.0,7.08343529758468,54663.65234375
call_186.wav,rumble,rumble_conservative,22.060533513896804,1,1,56.26932142334917,82.99358151476251,3.4158838599487615,0,27.36968177703502,91.21273406902348,4.934159782158579,0.8898403644561768,27.36968177703502,10.0,150.0,10.561462302496924,158459.65625
call_178.wav,rumble,rumble_aggressive,26.492442206301504,1,1,73.27115844408348,87.65156794425087,46.28330995792426,1,26.7707971756503,91.37778392411903,4.9204240148462395,0.8270682692527771,26.7707971756503,10.0,150.0,10.643810977675713,212218.109375
call_35.wav,rumble,rumble_aggressive,28.59375335729989,1,1,29.168220963210523,95.43321718931475,33.83458646616541,1,53.01624638976189,81.5732148849885,4.589594046215094,0.9176049828529358,53.01624638976189,10.0,150.0,7.3455042867674045,9982.7412109375
call_140.wav,rumble,rumble_aggressive,26.448850859397254,1,1,44.79853191461123,93.74525745257452,48.07692307692307,1,40.50788874999685,85.12821298442144,4.351764514571225,0.8119168281555176,40.50788874999685,10.0,150.0,8.276368428852376,4544.9423828125
call_126.wav,rumble,rumble_aggressive,26.65986086348999,1,1,42.38904032529521,96.58741976893454,25.552258489943952,1,42.03297843622077,84.30097123281189,4.277173797203922,0.8405552506446838,42.03297843622077,10.0,150.0,8.041272147307712,203085.0
call_39.wav,rumble,rumble_aggressive,28.915341099655503,1,1,23.009510812999256,95.42276422764228,86.53846153846153,1,61.074590971075374,76.8706686165182,4.216974886134693,0.9693079590797424,61.074590971075374,10.0,150.0,6.3583692151649664,16149.2626953125
call_100.wav,rumble,rumble_aggressive,27.31135076427956,1,1,32.45990729127238,95.32466124661246,42.45693405254916,1,52.014435782521154,80.18092754378327,4.190405665182324,0.8536081314086914,52.014435782521154,10.0,150.0,7.0291667460214935,27712.513671875
call_63.wav,trumpet,trumpet_conservative,19.844631999364978,1,1,70.94159515899837,35.16097560975609,25.84181675802662,0,17.438966013926418,93.35489794438517,4.190190760648654,0.957804799079895,19.411811284521413,80.0,450.0,11.77498344766394,755111.75
call_40.wav,rumble,rumble_aggressive,27.79685428164239,1,1,29.266403611481273,95.3588850174216,33.83458646616541,1,52.90715473895925,79.75576988091811,4.172131411538306,0.9105866551399231,52.90715473895925,10.0,150.0,6.936987346472023,9747.1962890625
call_174.wav,rumble,rumble_conservative,21.09775033083489,0,1,53.14201757038985,86.4390243902439,2.6852846401718584,0,28.89489951273924,88.61564199687679,4.0451264394740765,0.9319790005683899,28.89489951273924,10.0,150.0,,152174.46875
call_23.wav,rumble,rumble_aggressive,27.50233127876982,1,1,28.885994824434135,95.32195121951219,33.659491193737765,1,53.36291278127844,78.72015636474313,3.9927109481864704,0.9098290205001831,53.36291278127844,10.0,150.0,6.720315675699835,308.15380859375
call_134.wav,rumble,rumble_aggressive,29.45158445907333,1,1,15.444548799731283,95.46883468834689,77.51027598355842,1,78.66672580369593,68.17247091713372,3.929881510715008,0.9536600112915039,78.66672580369593,10.0,150.0,4.971970763438213,180505.5
call_183.wav,rumble,rumble_balanced,21.250835289266195,1,1,77.82244194978585,91.08943089430895,46.16013071895425,1,18.58788287967277,92.41473277818008,3.8925904219303575,0.7241853475570679,18.58788287967277,10.0,150.0,11.200291148221897,170532.078125
call_69.wav,rumble,rumble_balanced,24.51306375977522,1,1,51.227328559225384,94.53493178999587,29.53020134228188,1,24.10170752626022,89.94353479345419,3.7960245662610568,0.8634222745895386,24.10170752626022,10.0,150.0,9.975546446336839,424050.84375
call_172.wav,rumble,rumble_conservative,21.969053437790155,1,1,67.44327031843753,82.24558452481077,44.12966494143285,1,18.965915940645885,92.0115427345262,3.75510905116759,0.8207893967628479,18.965915940645885,10.0,150.0,10.975370837377065,95009.59375
call_185.wav,rumble,rumble_conservative,20.007010567258,0,1,57.93127941655083,79.60000000000001,1.8791105543376134,0,23.989960142214947,89.62461114518203,3.6402514398725123,0.9619009494781494,23.989960142214947,10.0,150.0,,308651.3125
call_79.wav,rumble,rumble_aggressive,25.90252268090644,1,1,38.27714987117115,96.04040404040404,33.32280480101074,1,38.58531409852431,82.88798350963302,3.5312084983478087,0.9336575865745544,38.58531409852431,10.0,150.0,7.666988099190001,618486.375
call_22.wav,rumble,rumble_aggressive,27.349247114278405,1,1,24.451409808718005,95.56611039794608,86.84759916492693,1,58.71627966643963,73.53118399900835,3.460240154208046,0.9688485264778137,58.71627966643963,10.0,150.0,5.772654850577759,542.94140625
call_188.wav,rumble,rumble_aggressive,9.26575980864144,1,1,78.94930416393466,94.04413472706156,2.756201453269857,0,2.2755831473418238,98.95307119034689,3.3717555778698767,0.7943804860115051,2.2755831473418238,10.0,150.0,19.800828490049962,4565458.0
call_149.wav,rumble,rumble_aggressive,27.92031741538727,1,1,19.894402445190284,95.52220137585992,89.90600735594604,1,71.12277716728178,67.24128907719336,3.3668190276476917,0.9643987417221069,71.12277716728178,10.0,150.0,4.84673196353825,83935.546875
call_34.wav,rumble,rumble_aggressive,27.171385018200503,1,1,24.205403195734696,95.7906008328376,86.65644171779141,1,59.04726796851536,72.8021743500922,3.3666562280678267,0.9661456942558289,59.04726796851536,10.0,150.0,5.65465814568455,17750.7421875
call_173.wav,rumble,rumble_conservative,24.326282807200407,1,1,57.056970601626645,83.09214092140923,42.832167832167826,1,26.53008713198591,87.73853409758547,3.3519628156929446,0.8701804280281067,26.53008713198591,10.0,150.0,9.114576052440125,63446.1640625
call_194.wav,rumble,rumble_conservative,20.29450617471319,0,1,63.047017264064586,79.72727272727272,110.22768341163716,1,14.96624810950881,92.76568598693082,3.1571558480584017,0.9335526823997498,14.96624810950881,10.0,150.0,,3655558.0
call_11.wav,rumble,rumble_conservative,25.1202198959598,1,1,41.25975047632032,90.70544090056285,49.393939393939384,1,36.96187921260897,82.03821758859972,3.134046124190734,0.9341637492179871,36.96187921260897,10.0,150.0,7.456505689478656,179346.609375
call_156.wav,rumble,rumble_aggressive,27.35678185448839,1,1,20.500753634630208,95.43517329910142,90.18789144050105,1,70.06607536822722,65.7965268847174,3.1143758415133895,0.9657907485961914,70.06607536822722,10.0,150.0,4.659297922415703,42463.984375
call_167.wav,rumble,rumble_aggressive,15.206117063381654,1,1,87.7867170331418,93.73170731707317,146.7823571945047,1,7.940402941687433,96.09160393936594,3.0784397470775584,0.6732239723205566,7.940402941687433,10.0,150.0,14.08001433123081,145893.78125
call_176.wav,trumpet,trumpet_balanced,17.703623489284933,1,1,84.20868005371693,75.0,143.07365868444984,1,6.335689400376668,96.8393198193947,3.0201332517861585,0.859653890132904,4.399702503404104,80.0,450.0,15.002194468447943,426105.8125
call_110.wav,rumble,rumble_conservative,22.465115121608072,1,1,54.90283545394548,91.53261486103233,45.320560058953575,1,21.54191296255643,89.01828059087016,2.9261392386747183,0.9128996133804321,21.54191296255643,10.0,150.0,9.593296570228055,26900.6484375
call_26.wav,rumble,rumble_aggressive,27.639448289054187,1,1,12.09931809667687,95.06011679835107,35.82485625829279,1,80.14322632807466,58.94809573371038,2.905335144014952,0.9802260994911194,80.14322632807466,10.0,150.0,3.866666925479427,7313.45947265625
call_142.wav,rumble,rumble_aggressive,26.473900511821952,1,1,24.476958554673843,93.74959349593496,94.52201933404942,1,64.87918514811842,66.688951560762,2.895170847180683,0.9497033357620239,64.87918514811842,10.0,150.0,4.774116980140136,11496.51953125
call_43.wav,rumble,rumble_aggressive,27.503378566564876,1,1,12.942598655478788,95.05324630711097,35.816935662171126,1,78.586204994427,59.60018611413518,2.8896695236515786,0.9789007306098938,78.586204994427,10.0,150.0,3.936206355955358,225834.5625
call_28.wav,rumble,rumble_aggressive,26.96084075441428,0,1,20.181362769121435,92.78247884519661,28.182701652089403,1,69.20657219548801,64.42046770046852,2.8894710425623398,0.9801608324050903,69.20657219548801,10.0,150.0,,804.40283203125
call_170.wav,rumble,rumble_aggressive,10.279356526137699,0,1,76.8994851623382,95.0569105691057,3.382187147688839,0,5.45200168596568,97.18301309478392,2.867711532935317,0.8483148217201233,5.45200168596568,10.0,150.0,,324676.46875
call_177.wav,trumpet,trumpet_conservative,12.58254097360863,1,1,68.60342720084886,82.19623131903833,37.610619469026545,0,4.826945941083879,97.4703346256612,2.806093587674123,0.9605321884155273,15.820390016293103,80.0,450.0,15.96936923760672,94717.9765625
call_203.wav,rumble,rumble_conservative,20.884096310274728,0,1,60.24548172329012,71.09756097560975,60.830860534124625,1,18.451215488543998,90.31725658203598,2.800265572527106,0.8981621265411377,18.451215488543998,10.0,150.0,,277558.625
call_38.wav,rumble,rumble_aggressive,27.22802567621092,1,1,12.11119799355933,95.01881533101046,35.7708852162101,1,79.9860067001476,57.18188548780816,2.713864758843032,0.9819329380989075,79.9860067001476,10.0,150.0,3.6837246069827394,218717.921875
call_193.wav,rumble,rumble_conservative,16.46439785809913,0,1,71.36362094310076,81.13296616837135,54.864109728219454,1,8.905453860453267,94.91517835131495,2.4338033334398848,0.9008005857467651,8.905453860453267,10.0,150.0,,4326531.0
call_139.wav,rumble,rumble_balanced,23.37893125201796,1,1,44.32877691545376,93.70599868160843,104.65612985903459,1,41.62706033267619,75.58065284211449,2.316416934020528,0.8658486604690552,41.62706033267619,10.0,150.0,6.12265950936494,3346.25634765625
call_129.wav,rumble,rumble_aggressive,27.078585540146644,1,1,12.609439237729681,96.8621667612025,88.3050538222952,1,97.39956599553669,42.33476521020834,2.27642957061118,0.9706057906150818,97.39956599553669,10.0,150.0,2.3908593535871887,1233033.375
call_104.wav,rumble,rumble_balanced,14.019510479963815,1,1,69.68361198224986,95.04914452129596,40.40404040404041,1,7.102973108964934,95.78526313220559,2.26669704320879,0.717121958732605,7.102973108964934,10.0,150.0,13.752295338344123,11752.310546875
call_151.wav,rumble,rumble_aggressive,26.210906554214812,1,1,26.16488191331966,96.03678528588566,82.1318228630278,1,86.09960428393728,48.04721904657596,2.1939235579016367,0.9607094526290894,86.09960428393728,10.0,150.0,2.8439120036086862,242613.46875
call_150.wav,rumble,rumble_aggressive,25.063066138481737,1,1,21.179574616028628,95.68986714257387,83.22679621580158,1,68.64210890184421,57.518736943983775,2.0839319719972806,0.9599814414978027,68.64210890184421,10.0,150.0,3.7180257925936715,749299.0625
call_158.wav,rumble,rumble_aggressive,25.80734383553628,1,1,26.55553510707773,96.03963414634147,82.0969337289812,1,86.37357923508256,45.863704998574306,2.0289238664653606,0.957549512386322,86.37357923508256,10.0,150.0,2.665114699451898,142019.859375
call_157.wav,rumble,rumble_balanced,24.86470968890955,1,1,21.010170401997275,94.8788755684167,83.31111703545722,1,69.0974866168898,55.77372953063562,1.9378193288350616,0.9725144505500793,69.0974866168898,10.0,150.0,3.5431968244516403,368524.0
call_200.wav,rumble,rumble_conservative,15.247712023920304,1,1,58.28229974013571,88.62829268292684,2.592352559948153,0,21.930363194837717,85.61042411959228,1.8299783051617766,0.8397806286811829,21.930363194837717,10.0,150.0,8.419520063075204,17790.80859375
call_6.wav,rumble,rumble_conservative,21.9259490765147,0,1,50.50464766991708,83.6892502258356,49.91192014092777,1,25.019382822726442,83.39210323393331,1.7796195570626754,0.907646894454956,25.019382822726442,10.0,150.0,,469858.0
call_141.wav,rumble,rumble_aggressive,23.07579949283835,1,1,43.40903356852684,94.07232968881412,32.9520697167756,1,54.04915853891361,63.7316079633375,1.732606355429588,0.8933382630348206,54.04915853891361,10.0,150.0,4.404716984886196,17275.0234375
call_30.wav,rumble,rumble_aggressive,24.251157900558056,1,1,13.698604305370965,94.2697274031564,28.182245185533112,1,76.67436903290482,45.947054519552786,1.5183084605348274,0.9727905988693237,76.67436903290482,10.0,150.0,2.6718063527121245,1199.591064453125
call_169.wav,roar,roar_conservative,12.421539175755587,1,1,75.02856984918552,75.26829268292683,2.819548872180451,0,10.265494356600797,92.58396033745227,1.4120782473854165,0.9273050427436829,5.359365743974897,40.0,300.0,11.29827956158657,127803.1796875
call_175.wav,rumble,rumble_conservative,13.648257219821417,0,1,54.52128860360621,75.974175035868,2.819548872180451,0,17.258728634860326,87.48180433927693,1.394670648929217,0.9600932598114014,17.258728634860326,10.0,150.0,,229649.21875
call_54.wav,rumble,rumble_balanced,22.431104821799842,1,1,25.631848473433706,93.72142713162668,28.256642903434866,1,56.03389324836435,58.96719498193834,1.3531959188416511,0.9019832015037537,56.03389324836435,10.0,150.0,3.868687934833324,142639.546875
call_46.wav,rumble,rumble_conservative,21.961086736842596,1,1,27.725675714489697,91.71873378308251,28.355704697986578,1,53.443128891834526,57.46294786320689,0.9912448696369651,0.953999400138855,53.443128891834526,10.0,150.0,3.71232610462536,63769.52734375
call_209.wav,trumpet,trumpet_conservative,8.960591247261956,0,1,64.69831621872216,65.16260162601625,2.684563758389262,0,4.296460312264483,96.56723652175994,0.9746692341864496,0.8671585321426392,21.138928012652578,80.0,450.0,,668252.3125
call_107.wav,rumble,rumble_conservative,13.488608943848433,1,1,74.03456171281366,88.75987633115768,60.358169356621715,1,7.8871399245382765,93.07007717047054,0.5619114723858551,0.9321392178535461,7.8871399245382765,10.0,150.0,11.59271601592499,14604.8935546875
call_119.wav,rumble,rumble_conservative,20.591220139536134,1,1,31.77250824290274,89.9173299101412,30.333003626772175,1,47.11309471657689,57.34066877195838,0.43127589949424205,0.9611088633537292,47.11309471657689,10.0,150.0,3.6998595728433408,121407.71875
call_171.wav,rumble,rumble_conservative,9.3009772363304,1,1,67.08066398151865,90.41560975609755,3.503184713375796,0,12.405630056149663,88.68966027502618,0.4014317619923071,0.8514083027839661,12.405630056149663,10.0,150.0,9.465243501173692,340902.625
call_181.wav,rumble,rumble_conservative,13.37844017972283,0,1,50.50060373007126,92.52961672473867,3.007518796992481,0,21.320528040420125,80.1947819054561,0.32018327349199344,0.958795428276062,21.320528040420125,10.0,150.0,,435623.40625
call_29.wav,rumble,rumble_conservative,20.718155741700215,0,1,15.98519488359299,88.98197242841994,29.723266142808335,1,71.06260684550695,31.584157191429284,0.16484453647668218,0.9817975163459778,71.06260684550695,10.0,150.0,,1106.5595703125
call_201.wav,roar,roar_conservative,7.044257424906811,1,1,78.05058728169844,51.964878048780484,35.68015291494106,0,3.07408764210832,96.82666548204483,-0.13799610731675738,0.8884974122047424,6.397213728474359,40.0,300.0,14.984841442108301,89743.9296875
call_187.wav,rumble,rumble_conservative,8.053844219929282,1,1,64.20891858340424,90.13240418118467,2.244039270687237,0,10.032681418255391,89.30850864718913,-0.27621267330652444,0.9413943290710449,10.032681418255391,10.0,150.0,9.709617109632099,4439087.0
call_164.wav,rumble,rumble_balanced,10.068363965231946,1,1,75.87478234775273,82.17201540436457,48.8517745302714,1,7.8855407154461545,90.33463508030704,-0.8838677716038865,0.7850643396377563,7.8855407154461545,10.0,150.0,10.147817443651569,363100.21875
call_196.wav,rumble,rumble_conservative,11.390477780247892,1,1,66.90516747053128,85.82764227642276,61.5866388308977,1,11.636247466015634,84.17250409390115,-1.3359926112285816,0.8800944685935974,11.636247466015634,10.0,150.0,8.005877901400165,79732.7578125
call_180.wav,rumble,rumble_conservative,10.704405645303853,0,1,49.66552576632558,86.32305568338701,2.9832935560859193,0,25.486663069304495,62.47308620174693,-1.6802987197415558,0.9387888312339783,25.486663069304495,10.0,150.0,,516741.4375
call_184.wav,rumble,rumble_conservative,7.087008089722421,0,1,53.939125256360995,92.71677451468392,1.9442644199611148,0,14.015054128617976,79.02425780773737,-1.7512255714948397,0.9575011134147644,14.015054128617976,10.0,150.0,,304686.1875
call_212.wav,rumble,rumble_conservative,10.06993176009182,1,1,53.79411876801108,89.03646462207196,18.947041466066157,1,18.682790946928858,59.18379950061359,-3.393908203893039,0.928680419921875,18.682790946928858,10.0,150.0,3.8916742536591826,352996.9375
call_66.wav,rumble,rumble_conservative,3.8131868528295394,1,1,77.9612463153639,86.80216802168022,112.54370629370628,1,4.9115422175257795,85.72777860161177,-4.632736926850214,0.8725752830505371,4.9115422175257795,10.0,150.0,8.45508425905682,345107.6875
